Workbook

Sheet Instrucciones
A1: Resultados de la evaluación de UX – WHEELS
A3: Cómo usar este archivo
A4: 1. Hoja "SUS": escribe las respuestas (1 a 5) de cada participante en las celdas azul claro. El puntaje y la interpretación se calculan solos.
A5: 2. Hoja "Tareas": por cada participante y tarea, elige el resultado en la lista, y escribe el tiempo en segundos, los errores y las observaciones.
A6: 3. Hoja "Resumen": se llena sola con los promedios. Esos datos van a ux/hallazgos.md.
A8: Las filas grises marcadas "Ejemplo" muestran el formato esperado y NO se cuentan en los promedios. Se pueden dejar o borrar.
A9: Filas P1 a P3 = primera prueba. Filas V1 y V2 = verificación después de aplicar las mejoras.
A11: Cálculo del SUS (método estándar de John Brooke, 1986)
A12: Impares (1,3,5,7,9): respuesta − 1. Pares (2,4,6,8,10): 5 − respuesta. Suma × 2,5 = puntaje de 0 a 100.
A13: Referencia usada para la interpretación: promedio 68 (Sauro, 2011). ≥ 80,3 Excelente · 68 a 80,2 Bueno · 51 a 67,9 Aceptable · < 51 Deficiente.

Sheet Preguntas
A1: # | B1: Afirmación del cuestionario SUS | C1: Tipo
A2: 1 | B2: Creo que me gustaría usar esta aplicación con frecuencia. | C2: Positiva (respuesta − 1)
A3: 2 | B3: Encontré la aplicación innecesariamente compleja. | C3: Negativa (5 − respuesta)
A4: 3 | B4: Pensé que la aplicación era fácil de usar. | C4: Positiva (respuesta − 1)
A5: 4 | B5: Creo que necesitaría el apoyo de una persona experta para poder usar esta aplicación. | C5: Negativa (5 − respuesta)
A6: 5 | B6: Encontré que las distintas funciones de la aplicación estaban bien integradas. | C6: Positiva (respuesta − 1)
A7: 6 | B7: Pensé que había demasiada inconsistencia en la aplicación. | C7: Negativa (5 − respuesta)
A8: 7 | B8: Imagino que la mayoría de las personas aprendería a usar esta aplicación muy rápido. | C8: Positiva (respuesta − 1)
A9: 8 | B9: Encontré la aplicación muy engorrosa de usar. | C9: Negativa (5 − respuesta)
A10: 9 | B10: Me sentí muy seguro/a usando la aplicación. | C10: Positiva (respuesta − 1)
A11: 10 | B11: Necesité aprender muchas cosas antes de poder usar la aplicación. | C11: Negativa (5 − respuesta)

Sheet SUS
A1: Cuestionario SUS por participante
A2: Escribe en las celdas azul claro la respuesta de 1 a 5 de cada pregunta. Las preguntas completas están en la hoja "Preguntas".
A4: Participante | B4: Momento | C4: Rol | D4: P1 | E4: P2 | F4: P3 | G4: P4 | H4: P5 | I4: P6 | J4: P7 | K4: P8 | L4: P9 | M4: P10 | N4: Puntaje SUS | O4: Interpretación
A5: Ejemplo | B5: Ejemplo | C5: pasajero | D5: 4 | E5: 2 | F5: 4 | G5: 1 | H5: 4 | I5: 2 | J5: 5 | K5: 1 | L5: 4 | M5: 2 | N5: =IF(COUNT(D5:M5)<10,"",((D5-1)+(F5-1)+(H5-1)+(J5-1)+(L5-1)+(5-E5)+(5-G5)+(5-I5)+(5-K5)+(5-M5))*2.5) -> 82.5 | O5: =IF(N5="","",IF(N5>=80.3,"Excelente",IF(N5>=68,"Bueno",IF(N5>=51,"Aceptable","Deficiente")))) -> Excelente
A6: P1 | B6: Primera prueba | N6: =IF(COUNT(D6:M6)<10,"",((D6-1)+(F6-1)+(H6-1)+(J6-1)+(L6-1)+(5-E6)+(5-G6)+(5-I6)+(5-K6)+(5-M6))*2.5) | O6: =IF(N6="","",IF(N6>=80.3,"Excelente",IF(N6>=68,"Bueno",IF(N6>=51,"Aceptable","Deficiente"))))
A7: P2 | B7: Primera prueba | N7: =IF(COUNT(D7:M7)<10,"",((D7-1)+(F7-1)+(H7-1)+(J7-1)+(L7-1)+(5-E7)+(5-G7)+(5-I7)+(5-K7)+(5-M7))*2.5) | O7: =IF(N7="","",IF(N7>=80.3,"Excelente",IF(N7>=68,"Bueno",IF(N7>=51,"Aceptable","Deficiente"))))
A8: P3 | B8: Primera prueba | N8: =IF(COUNT(D8:M8)<10,"",((D8-1)+(F8-1)+(H8-1)+(J8-1)+(L8-1)+(5-E8)+(5-G8)+(5-I8)+(5-K8)+(5-M8))*2.5) | O8: =IF(N8="","",IF(N8>=80.3,"Excelente",IF(N8>=68,"Bueno",IF(N8>=51,"Aceptable","Deficiente"))))
A9: V1 | B9: Verificación | N9: =IF(COUNT(D9:M9)<10,"",((D9-1)+(F9-1)+(H9-1)+(J9-1)+(L9-1)+(5-E9)+(5-G9)+(5-I9)+(5-K9)+(5-M9))*2.5) | O9: =IF(N9="","",IF(N9>=80.3,"Excelente",IF(N9>=68,"Bueno",IF(N9>=51,"Aceptable","Deficiente"))))
A10: V2 | B10: Verificación | N10: =IF(COUNT(D10:M10)<10,"",((D10-1)+(F10-1)+(H10-1)+(J10-1)+(L10-1)+(5-E10)+(5-G10)+(5-I10)+(5-K10)+(5-M10))*2.5) | O10: =IF(N10="","",IF(N10>=80.3,"Excelente",IF(N10>=68,"Bueno",IF(N10>=51,"Aceptable","Deficiente"))))
A12: Promedio primera prueba (P1–P3) | N12: =IFERROR(AVERAGE(N6:N8),"")
A13: Promedio verificación (V1–V2) | N13: =IFERROR(AVERAGE(N9:N10),"")
A14: Cambio (verificación − primera prueba) | N14: =IF(OR(N12="",N13=""),"",N13-N12)

Sheet Tareas
A1: Resultados por tarea
A2: Resultado: elige Éxito, Con ayuda o No logró. Tiempo en segundos. Errores = veces que tocó algo equivocado o se devolvió.
A4: Participante | B4: Tarea | C4: Resultado | D4: Tiempo (s) | E4: Errores | F4: Observaciones (frases del participante, dónde dudó)
A5: Ejemplo | B5: T2 Buscar viaje y ver tiempo estimado | C5: Con ayuda | D5: 48 | E5: 2 | F5: "¿Y dónde veo cuánto me demoro?" Tardó en encontrar el botón dentro de la tarjeta del viaje.
A6: P1 | B6: T1 Ingresar como pasajero
A7: P1 | B7: T2 Buscar viaje y ver tiempo estimado
A8: P1 | B8: T3 Reservar y mostrar el QR
A9: P1 | B9: T4 Registrar contacto
A10: P1 | B10: T5 Enviar alerta (pánico)
A11: P1 | B11: T6 Programar viaje (conductor)
A12: P2 | B12: T1 Ingresar como pasajero
A13: P2 | B13: T2 Buscar viaje y ver tiempo estimado
A14: P2 | B14: T3 Reservar y mostrar el QR
A15: P2 | B15: T4 Registrar contacto
A16: P2 | B16: T5 Enviar alerta (pánico)
A17: P2 | B17: T6 Programar viaje (conductor)
... A35: V2 | B35: T6 Programar viaje (conductor)

Sheet Resumen
A1: Resumen de la evaluación
A2: Se llena solo. Primera prueba = P1 a P3; Verificación = V1 y V2.
A4: Tarea | B4: Éxito (primera) | C4: Tasa de éxito (primera) | D4: Tiempo prom. (s, primera) | E4: Errores prom. (primera) | F4: Tasa de éxito (verificación) | G4: Tiempo prom. (s, verificación)
A5: T1 Ingresar como pasajero | B5: =COUNTIFS(Tareas!$A$6:$A$35,"P1",Tareas!$B$6:$B$35,$A5,Tareas!$C$6:$C$35,"Éxito")+COUNTIFS(Tareas!$A$6:$A$35,"P2",Tareas!$B$6:$B$35,$A5,Tareas!$C$6:$C$35,"Éxito")+COUNTIFS(Tareas!$A$6:$A$35,"P3",Tareas!$B$6:$B$35,$A5,Tareas!$C$6:$C$35,"Éxito") -> 0 | C5: =IFERROR(B5/(COUNTIFS(Tareas!$A$6:$A$35,"P1",Tareas!$B$6:$B$35,$A5,Tareas!$C$6:$C$35,"<>")+COUNTIFS(Tareas!$A$6:$A$35,"P2",Tareas!$B$6:$B$35,$A5,Tareas!$C$6:$C$35,"<>")+COUNTIFS(Tareas!$A$6:$A$35,"P3",Tareas!$B$6:$B$35,$A5,Tareas!$C$6:$C$35,"<>")),"") | D5: =IFERROR((SUMIFS(Tareas!$D$6:$D$35,Tareas!$A$6:$A$35,"P1",Tareas!$B$6:$B$35,$A5)+SUMIFS(Tareas!$D$6:$D$35,Tareas!$A$6:$A$35,"P2",Tareas!$B$6:$B$35,$A5)+SUMIFS(Tareas!$D$6:$D$35,Tareas!$A$6:$A$35,"P3",Tareas!$B$6:$B$35,$A5))/(COUNTIFS(Tareas!$A$6:$A$35,"P1",Tareas!$B$6:$B$35,$A5,Tareas!$D$6:$D$35,"<>")+COUNTIFS(Tareas!$A$6:$A$35,"P2",Tareas!$B$6:$B$35,$A5,Tareas!$D$6:$D$35,"<>")+COUNTIFS(Tareas!$A$6:$A$35,"P3",Tareas!$B$6:$B$35,$A5,Tareas!$D$6:$D$35,"<>")),"") | E5: =IFERROR((SUMIFS(Tareas!$E$6:$E$35,Tareas!$A$6:$A$35,"P1",Tareas!$B$6:$B$35,$A5)+SUMIFS(Tareas!$E$6:$E$35,Tareas!$A$6:$A$35,"P2",Tareas!$B$6:$B$35,$A5)+SUMIFS(Tareas!$E$6:$E$35,Tareas!$A$6:$A$35,"P3",Tareas!$B$6:$B$35,$A5))/(COUNTIFS(Tareas!$A$6:$A$35,"P1",Tareas!$B$6:$B$35,$A5,Tareas!$E$6:$E$35,"<>")+COUNTIFS(Tareas!$A$6:$A$35,"P2",Tareas!$B$6:$B$35,$A5,Tareas!$E$6:$E$35,"<>")+COUNTIFS(Tareas!$A$6:$A$35,"P3",Tareas!$B$6:$B$35,$A5,Tareas!$E$6:$E$35,"<>")),"") | F5: =IFERROR((COUNTIFS(Tareas!$A$6:$A$35,"V1",Tareas!$B$6:$B$35,$A5,Tareas!$C$6:$C$35,"Éxito")+COUNTIFS(Tareas!$A$6:$A$35,"V2",Tareas!$B$6:$B$35,$A5,Tareas!$C$6:$C$35,"Éxito"))/(COUNTIFS(Tareas!$A$6:$A$35,"V1",Tareas!$B$6:$B$35,$A5,Tareas!$C$6:$C$35,"<>")+COUNTIFS(Tareas!$A$6:$A$35,"V2",Tareas!$B$6:$B$35,$A5,Tareas!$C$6:$C$35,"<>")),"") | G5: =IFERROR((SUMIFS(Tareas!$D$6:$D$35,Tareas!$A$6:$A$35,"V1",Tareas!$B$6:$B$35,$A5)+SUMIFS(Tareas!$D$6:$D$35,Tareas!$A$6:$A$35,"V2",Tareas!$B$6:$B$35,$A5))/(COUNTIFS(Tareas!$A$6:$A$35,"V1",Tareas!$B$6:$B$35,$A5,Tareas!$D$6:$D$35,"<>")+COUNTIFS(Tareas!$A$6:$A$35,"V2",Tareas!$B$6:$B$35,$A5,Tareas!$D$6:$D$35,"<>")),"")
A6: T2 Buscar viaje y ver tiempo estimado | B6: =COUNTIFS(Tareas!$A$6:$A$35,"P1",Tareas!$B$6:$B$35,$A6,Tareas!$C$6:$C$35,"Éxito")+COUNTIFS(Tareas!$A$6:$A$35,"P2",Tareas!$B$6:$B$35,$A6,Tareas!$C$6:$C$35,"Éxito")+COUNTIFS(Tareas!$A$6:$A$35,"P3",Tareas!$B$6:$B$35,$A6,Tareas!$C$6:$C$35,"Éxito") -> 0 | C6: =IFERROR(B6/(COUNTIFS(Tareas!$A$6:$A$35,"P1",Tareas!$B$6:$B$35,$A6,Tareas!$C$6:$C$35,"<>")+COUNTIFS(Tareas!$A$6:$A$35,"P2",Tareas!$B$6:$B$35,$A6,Tareas!$C$6:$C$35,"<>")+COUNTIFS(Tareas!$A$6:$A$35,"P3",Tareas!$B$6:$B$35,$A6,Tareas!$C$6:$C$35,"<>")),"") | D6: =IFERROR((SUMIFS(Tareas!$D$6:$D$35,Tareas!$A$6:$A$35,"P1",Tareas!$B$6:$B$35,$A6)+SUMIFS(Tareas!$D$6:$D$35,Tareas!$A$6:$A$35,"P2",Tareas!$B$6:$B$35,$A6)+SUMIFS(Tareas!$D$6:$D$35,Tareas!$A$6:$A$35,"P3",Tareas!$B$6:$B$35,$A6))/(COUNTIFS(Tareas!$A$6:$A$35,"P1",Tareas!$B$6:$B$35,$A6,Tareas!$D$6:$D$35,"<>")+COUNTIFS(Tareas!$A$6:$A$35,"P2",Tareas!$B$6:$B$35,$A6,Tareas!$D$6:$D$35,"<>")+COUNTIFS(Tareas!$A$6:$A$35,"P3",Tareas!$B$6:$B$35,$A6,Tareas!$D$6:$D$35,"<>")),"") | E6: =IFERROR((SUMIFS(Tareas!$E$6:$E$35,Tareas!$A$6:$A$35,"P1",Tareas!$B$6:$B$35,$A6)+SUMIFS(Tareas!$E$6:$E$35,Tareas!$A$6:$A$35,"P2",Tareas!$B$6:$B$35,$A6)+SUMIFS(Tareas!$E$6:$E$35,Tareas!$A$6:$A$35,"P3",Tareas!$B$6:$B$35,$A6))/(COUNTIFS(Tareas!$A$6:$A$35,"P1",Tareas!$B$6:$B$35,$A6,Tareas!$E$6:$E$35,"<>")+COUNTIFS(Tareas!$A$6:$A$35,"P2",Tareas!$B$6:$B$35,$A6,Tareas!$E$6:$E$35,"<>")+COUNTIFS(Tareas!$A$6:$A$35,"P3",Tareas!$B$6:$B$35,$A6,Tareas!$E$6:$E$35,"<>")),"") | F6: =IFERROR((COUNTIFS(Tareas!$A$6:$A$35,"V1",Tareas!$B$6:$B$35,$A6,Tareas!$C$6:$C$35,"Éxito")+COUNTIFS(Tareas!$A$6:$A$35,"V2",Tareas!$B$6:$B$35,$A6,Tareas!$C$6:$C$35,"Éxito"))/(COUNTIFS(Tareas!$A$6:$A$35,"V1",Tareas!$B$6:$B$35,$A6,Tareas!$C$6:$C$35,"<>")+COUNTIFS(Tareas!$A$6:$A$35,"V2",Tareas!$B$6:$B$35,$A6,Tareas!$C$6:$C$35,"<>")),"") | G6: =IFERROR((SUMIFS(Tareas!$D$6:$D$35,Tareas!$A$6:$A$35,"V1",Tareas!$B$6:$B$35,$A6)+SUMIFS(Tareas!$D$6:$D$35,Tareas!$A$6:$A$35,"V2",Tareas!$B$6:$B$35,$A6))/(COUNTIFS(Tareas!$A$6:$A$35,"V1",Tareas!$B$6:$B$35,$A6,Tareas!$D$6:$D$35,"<>")+COUNTIFS(Tareas!$A$6:$A$35,"V2",Tareas!$B$6:$B$35,$A6,Tareas!$D$6:$D$35,"<>")),"")
A7: T3 Reservar y mostrar el QR | B7: =COUNTIFS(Tareas!$A$6:$A$35,"P1",Tareas!$B$6:$B$35,$A7,Tareas!$C$6:$C$35,"Éxito")+COUNTIFS(Tareas!$A$6:$A$35,"P2",Tareas!$B$6:$B$35,$A7,Tareas!$C$6:$C$35,"Éxito")+COUNTIFS(Tareas!$A$6:$A$35,"P3",Tareas!$B$6:$B$35,$A7,Tareas!$C$6:$C$35,"Éxito") -> 0 | C7: =IFERROR(B7/(COUNTIFS(Tareas!$A$6:$A$35,"P1",Tareas!$B$6:$B$35,$A7,Tareas!$C$6:$C$35,"<>")+COUNTIFS(Tareas!$A$6:$A$35,"P2",Tareas!$B$6:$B$35,$A7,Tareas!$C$6:$C$35,"<>")+COUNTIFS(Tareas!$A$6:$A$35,"P3",Tareas!$B$6:$B$35,$A7,Tareas!$C$6:$C$35,"<>")),"") | D7: =IFERROR((SUMIFS(Tareas!$D$6:$D$35,Tareas!$A$6:$A$35,"P1",Tareas!$B$6:$B$35,$A7)+SUMIFS(Tareas!$D$6:$D$35,Tareas!$A$6:$A$35,"P2",Tareas!$B$6:$B$35,$A7)+SUMIFS(Tareas!$D$6:$D$35,Tareas!$A$6:$A$35,"P3",Tareas!$B$6:$B$35,$A7))/(COUNTIFS(Tareas!$A$6:$A$35,"P1",Tareas!$B$6:$B$35,$A7,Tareas!$D$6:$D$35,"<>")+COUNTIFS(Tareas!$A$6:$A$35,"P2",Tareas!$B$6:$B$35,$A7,Tareas!$D$6:$D$35,"<>")+COUNTIFS(Tareas!$A$6:$A$35,"P3",Tareas!$B$6:$B$35,$A7,Tareas!$D$6:$D$35,"<>")),"") | E7: =IFERROR((SUMIFS(Tareas!$E$6:$E$35,Tareas!$A$6:$A$35,"P1",Tareas!$B$6:$B$35,$A7)+SUMIFS(Tareas!$E$6:$E$35,Tareas!$A$6:$A$35,"P2",Tareas!$B$6:$B$35,$A7)+SUMIFS(Tareas!$E$6:$E$35,Tareas!$A$6:$A$35,"P3",Tareas!$B$6:$B$35,$A7))/(COUNTIFS(Tareas!$A$6:$A$35,"P1",Tareas!$B$6:$B$35,$A7,Tareas!$E$6:$E$35,"<>")+COUNTIFS(Tareas!$A$6:$A$35,"P2",Tareas!$B$6:$B$35,$A7,Tareas!$E$6:$E$35,"<>")+COUNTIFS(Tareas!$A$6:$A$35,"P3",Tareas!$B$6:$B$35,$A7,Tareas!$E$6:$E$35,"<>")),"") | F7: =IFERROR((COUNTIFS(Tareas!$A$6:$A$35,"V1",Tareas!$B$6:$B$35,$A7,Tareas!$C$6:$C$35,"Éxito")+COUNTIFS(Tareas!$A$6:$A$35,"V2",Tareas!$B$6:$B$35,$A7,Tareas!$C$6:$C$35,"Éxito"))/(COUNTIFS(Tareas!$A$6:$A$35,"V1",Tareas!$B$6:$B$35,$A7,Tareas!$C$6:$C$35,"<>")+COUNTIFS(Tareas!$A$6:$A$35,"V2",Tareas!$B$6:$B$35,$A7,Tareas!$C$6:$C$35,"<>")),"") | G7: =IFERROR((SUMIFS(Tareas!$D$6:$D$35,Tareas!$A$6:$A$35,"V1",Tareas!$B$6:$B$35,$A7)+SUMIFS(Tareas!$D$6:$D$35,Tareas!$A$6:$A$35,"V2",Tareas!$B$6:$B$35,$A7))/(COUNTIFS(Tareas!$A$6:$A$35,"V1",Tareas!$B$6:$B$35,$A7,Tareas!$D$6:$D$35,"<>")+COUNTIFS(Tareas!$A$6:$A$35,"V2",Tareas!$B$6:$B$35,$A7,Tareas!$D$6:$D$35,"<>")),"")
A8: T4 Registrar contacto | B8: =COUNTIFS(Tareas!$A$6:$A$35,"P1",Tareas!$B$6:$B$35,$A8,Tareas!$C$6:$C$35,"Éxito")+COUNTIFS(Tareas!$A$6:$A$35,"P2",Tareas!$B$6:$B$35,$A8,Tareas!$C$6:$C$35,"Éxito")+COUNTIFS(Tareas!$A$6:$A$35,"P3",Tareas!$B$6:$B$35,$A8,Tareas!$C$6:$C$35,"Éxito") -> 0 | C8: =IFERROR(B8/(COUNTIFS(Tareas!$A$6:$A$35,"P1",Tareas!$B$6:$B$35,$A8,Tareas!$C$6:$C$35,"<>")+COUNTIFS(Tareas!$A$6:$A$35,"P2",Tareas!$B$6:$B$35,$A8,Tareas!$C$6:$C$35,"<>")+COUNTIFS(Tareas!$A$6:$A$35,"P3",Tareas!$B$6:$B$35,$A8,Tareas!$C$6:$C$35,"<>")),"") | D8: =IFERROR((SUMIFS(Tareas!$D$6:$D$35,Tareas!$A$6:$A$35,"P1",Tareas!$B$6:$B$35,$A8)+SUMIFS(Tareas!$D$6:$D$35,Tareas!$A$6:$A$35,"P2",Tareas!$B$6:$B$35,$A8)+SUMIFS(Tareas!$D$6:$D$35,Tareas!$A$6:$A$35,"P3",Tareas!$B$6:$B$35,$A8))/(COUNTIFS(Tareas!$A$6:$A$35,"P1",Tareas!$B$6:$B$35,$A8,Tareas!$D$6:$D$35,"<>")+COUNTIFS(Tareas!$A$6:$A$35,"P2",Tareas!$B$6:$B$35,$A8,Tareas!$D$6:$D$35,"<>")+COUNTIFS(Tareas!$A$6:$A$35,"P3",Tareas!$B$6:$B$35,$A8,Tareas!$D$6:$D$35,"<>")),"") | E8: =IFERROR((SUMIFS(Tareas!$E$6:$E$35,Tareas!$A$6:$A$35,"P1",Tareas!$B$6:$B$35,$A8)+SUMIFS(Tareas!$E$6:$E$35,Tareas!$A$6:$A$35,"P2",Tareas!$B$6:$B$35,$A8)+SUMIFS(Tareas!$E$6:$E$35,Tareas!$A$6:$A$35,"P3",Tareas!$B$6:$B$35,$A8))/(COUNTIFS(Tareas!$A$6:$A$35,"P1",Tareas!$B$6:$B$35,$A8,Tareas!$E$6:$E$35,"<>")+COUNTIFS(Tareas!$A$6:$A$35,"P2",Tareas!$B$6:$B$35,$A8,Tareas!$E$6:$E$35,"<>")+COUNTIFS(Tareas!$A$6:$A$35,"P3",Tareas!$B$6:$B$35,$A8,Tareas!$E$6:$E$35,"<>")),"") | F8: =IFERROR((COUNTIFS(Tareas!$A$6:$A$35,"V1",Tareas!$B$6:$B$35,$A8,Tareas!$C$6:$C$35,"Éxito")+COUNTIFS(Tareas!$A$6:$A$35,"V2",Tareas!$B$6:$B$35,$A8,Tareas!$C$6:$C$35,"Éxito"))/(COUNTIFS(Tareas!$A$6:$A$35,"V1",Tareas!$B$6:$B$35,$A8,Tareas!$C$6:$C$35,"<>")+COUNTIFS(Tareas!$A$6:$A$35,"V2",Tareas!$B$6:$B$35,$A8,Tareas!$C$6:$C$35,"<>")),"") | G8: =IFERROR((SUMIFS(Tareas!$D$6:$D$35,Tareas!$A$6:$A$35,"V1",Tareas!$B$6:$B$35,$A8)+SUMIFS(Tareas!$D$6:$D$35,Tareas!$A$6:$A$35,"V2",Tareas!$B$6:$B$35,$A8))/(COUNTIFS(Tareas!$A$6:$A$35,"V1",Tareas!$B$6:$B$35,$A8,Tareas!$D$6:$D$35,"<>")+COUNTIFS(Tareas!$A$6:$A$35,"V2",Tareas!$B$6:$B$35,$A8,Tareas!$D$6:$D$35,"<>")),"")
A9: T5 Enviar alerta (pánico) | B9: =COUNTIFS(Tareas!$A$6:$A$35,"P1",Tareas!$B$6:$B$35,$A9,Tareas!$C$6:$C$35,"Éxito")+COUNTIFS(Tareas!$A$6:$A$35,"P2",Tareas!$B$6:$B$35,$A9,Tareas!$C$6:$C$35,"Éxito")+COUNTIFS(Tareas!$A$6:$A$35,"P3",Tareas!$B$6:$B$35,$A9,Tareas!$C$6:$C$35,"Éxito") -> 0 | C9: =IFERROR(B9/(COUNTIFS(Tareas!$A$6:$A$35,"P1",Tareas!$B$6:$B$35,$A9,Tareas!$C$6:$C$35,"<>")+COUNTIFS(Tareas!$A$6:$A$35,"P2",Tareas!$B$6:$B$35,$A9,Tareas!$C$6:$C$35,"<>")+COUNTIFS(Tareas!$A$6:$A$35,"P3",Tareas!$B$6:$B$35,$A9,Tareas!$C$6:$C$35,"<>")),"") | D9: =IFERROR((SUMIFS(Tareas!$D$6:$D$35,Tareas!$A$6:$A$35,"P1",Tareas!$B$6:$B$35,$A9)+SUMIFS(Tareas!$D$6:$D$35,Tareas!$A$6:$A$35,"P2",Tareas!$B$6:$B$35,$A9)+SUMIFS(Tareas!$D$6:$D$35,Tareas!$A$6:$A$35,"P3",Tareas!$B$6:$B$35,$A9))/(COUNTIFS(Tareas!$A$6:$A$35,"P1",Tareas!$B$6:$B$35,$A9,Tareas!$D$6:$D$35,"<>")+COUNTIFS(Tareas!$A$6:$A$35,"P2",Tareas!$B$6:$B$35,$A9,Tareas!$D$6:$D$35,"<>")+COUNTIFS(Tareas!$A$6:$A$35,"P3",Tareas!$B$6:$B$35,$A9,Tareas!$D$6:$D$35,"<>")),"") | E9: =IFERROR((SUMIFS(Tareas!$E$6:$E$35,Tareas!$A$6:$A$35,"P1",Tareas!$B$6:$B$35,$A9)+SUMIFS(Tareas!$E$6:$E$35,Tareas!$A$6:$A$35,"P2",Tareas!$B$6:$B$35,$A9)+SUMIFS(Tareas!$E$6:$E$35,Tareas!$A$6:$A$35,"P3",Tareas!$B$6:$B$35,$A9))/(COUNTIFS(Tareas!$A$6:$A$35,"P1",Tareas!$B$6:$B$35,$A9,Tareas!$E$6:$E$35,"<>")+COUNTIFS(Tareas!$A$6:$A$35,"P2",Tareas!$B$6:$B$35,$A9,Tareas!$E$6:$E$35,"<>")+COUNTIFS(Tareas!$A$6:$A$35,"P3",Tareas!$B$6:$B$35,$A9,Tareas!$E$6:$E$35,"<>")),"") | F9: =IFERROR((COUNTIFS(Tareas!$A$6:$A$35,"V1",Tareas!$B$6:$B$35,$A9,Tareas!$C$6:$C$35,"Éxito")+COUNTIFS(Tareas!$A$6:$A$35,"V2",Tareas!$B$6:$B$35,$A9,Tareas!$C$6:$C$35,"Éxito"))/(COUNTIFS(Tareas!$A$6:$A$35,"V1",Tareas!$B$6:$B$35,$A9,Tareas!$C$6:$C$35,"<>")+COUNTIFS(Tareas!$A$6:$A$35,"V2",Tareas!$B$6:$B$35,$A9,Tareas!$C$6:$C$35,"<>")),"") | G9: =IFERROR((SUMIFS(Tareas!$D$6:$D$35,Tareas!$A$6:$A$35,"V1",Tareas!$B$6:$B$35,$A9)+SUMIFS(Tareas!$D$6:$D$35,Tareas!$A$6:$A$35,"V2",Tareas!$B$6:$B$35,$A9))/(COUNTIFS(Tareas!$A$6:$A$35,"V1",Tareas!$B$6:$B$35,$A9,Tareas!$D$6:$D$35,"<>")+COUNTIFS(Tareas!$A$6:$A$35,"V2",Tareas!$B$6:$B$35,$A9,Tareas!$D$6:$D$35,"<>")),"")
A10: T6 Programar viaje (conductor) | B10: =COUNTIFS(Tareas!$A$6:$A$35,"P1",Tareas!$B$6:$B$35,$A10,Tareas!$C$6:$C$35,"Éxito")+COUNTIFS(Tareas!$A$6:$A$35,"P2",Tareas!$B$6:$B$35,$A10,Tareas!$C$6:$C$35,"Éxito")+COUNTIFS(Tareas!$A$6:$A$35,"P3",Tareas!$B$6:$B$35,$A10,Tareas!$C$6:$C$35,"Éxito") -> 0 | C10: =IFERROR(B10/(COUNTIFS(Tareas!$A$6:$A$35,"P1",Tareas!$B$6:$B$35,$A10,Tareas!$C$6:$C$35,"<>")+COUNTIFS(Tareas!$A$6:$A$35,"P2",Tareas!$B$6:$B$35,$A10,Tareas!$C$6:$C$35,"<>")+COUNTIFS(Tareas!$A$6:$A$35,"P3",Tareas!$B$6:$B$35,$A10,Tareas!$C$6:$C$35,"<>")),"") | D10: =IFERROR((SUMIFS(Tareas!$D$6:$D$35,Tareas!$A$6:$A$35,"P1",Tareas!$B$6:$B$35,$A10)+SUMIFS(Tareas!$D$6:$D$35,Tareas!$A$6:$A$35,"P2",Tareas!$B$6:$B$35,$A10)+SUMIFS(Tareas!$D$6:$D$35,Tareas!$A$6:$A$35,"P3",Tareas!$B$6:$B$35,$A10))/(COUNTIFS(Tareas!$A$6:$A$35,"P1",Tareas!$B$6:$B$35,$A10,Tareas!$D$6:$D$35,"<>")+COUNTIFS(Tareas!$A$6:$A$35,"P2",Tareas!$B$6:$B$35,$A10,Tareas!$D$6:$D$35,"<>")+COUNTIFS(Tareas!$A$6:$A$35,"P3",Tareas!$B$6:$B$35,$A10,Tareas!$D$6:$D$35,"<>")),"") | E10: =IFERROR((SUMIFS(Tareas!$E$6:$E$35,Tareas!$A$6:$A$35,"P1",Tareas!$B$6:$B$35,$A10)+SUMIFS(Tareas!$E$6:$E$35,Tareas!$A$6:$A$35,"P2",Tareas!$B$6:$B$35,$A10)+SUMIFS(Tareas!$E$6:$E$35,Tareas!$A$6:$A$35,"P3",Tareas!$B$6:$B$35,$A10))/(COUNTIFS(Tareas!$A$6:$A$35,"P1",Tareas!$B$6:$B$35,$A10,Tareas!$E$6:$E$35,"<>")+COUNTIFS(Tareas!$A$6:$A$35,"P2",Tareas!$B$6:$B$35,$A10,Tareas!$E$6:$E$35,"<>")+COUNTIFS(Tareas!$A$6:$A$35,"P3",Tareas!$B$6:$B$35,$A10,Tareas!$E$6:$E$35,"<>")),"") | F10: =IFERROR((COUNTIFS(Tareas!$A$6:$A$35,"V1",Tareas!$B$6:$B$35,$A10,Tareas!$C$6:$C$35,"Éxito")+COUNTIFS(Tareas!$A$6:$A$35,"V2",Tareas!$B$6:$B$35,$A10,Tareas!$C$6:$C$35,"Éxito"))/(COUNTIFS(Tareas!$A$6:$A$35,"V1",Tareas!$B$6:$B$35,$A10,Tareas!$C$6:$C$35,"<>")+COUNTIFS(Tareas!$A$6:$A$35,"V2",Tareas!$B$6:$B$35,$A10,Tareas!$C$6:$C$35,"<>")),"") | G10: =IFERROR((SUMIFS(Tareas!$D$6:$D$35,Tareas!$A$6:$A$35,"V1",Tareas!$B$6:$B$35,$A10)+SUMIFS(Tareas!$D$6:$D$35,Tareas!$A$6:$A$35,"V2",Tareas!$B$6:$B$35,$A10))/(COUNTIFS(Tareas!$A$6:$A$35,"V1",Tareas!$B$6:$B$35,$A10,Tareas!$D$6:$D$35,"<>")+COUNTIFS(Tareas!$A$6:$A$35,"V2",Tareas!$B$6:$B$35,$A10,Tareas!$D$6:$D$35,"<>")),"")
A12: SUS promedio primera prueba | C12: =SUS!N12
A13: SUS promedio verificación | C13: =SUS!N13
